Cxm_cyl_fill_mdl_cor_1;Cxb_cyl_fill_eng_spd;Cxb_cyl_fill_intk_mfld_prs
Cxm_cyl_fill_mdl_cor_1_vvl_intk_l_lift;Cxb_cyl_fill_eng_spd;Cxb_cyl_fill_intk_mfld_prs
Cxm_cyl_fill_mdl_cor_2;Cxb_cyl_fill_eng_spd;Cxb_cyl_fill_intk_mfld_prs
Cxm_cyl_fill_mdl_cor_2_vvl_intk_l_lift;Cxb_cyl_fill_eng_spd;Cxb_cyl_fill_intk_mfld_prs
Cxm_cyl_fill_mdl_cor_3;Cxb_cyl_fill_eng_spd;Cxb_cyl_fill_intk_mfld_prs
Cxm_cyl_fill_mdl_cor_3_vvl_intk_l_lift;Cxb_cyl_fill_eng_spd;Cxb_cyl_fill_intk_mfld_prs
Cxm_cyl_fill_mdl_vvt_intk_ex_angl_ovlp_fac;Cxb_cyl_fill_mdl_vvt_intk_angl_ovlp_fac;Cxb_cyl_fill_mdl_vvt_ex_angl_ovlp_fac
Cxm_cyl_fill_mdl_vvt_intk_ex_angl_ovlp_fac_vvl_intk_l_lift;Cxb_cyl_fill_mdl_vvt_intk_angl_ovlp_fac;Cxb_cyl_fill_mdl_vvt_ex_angl_ovlp_fac
Cxp_cyl_fill_mdl_ex_vlv_cls_angl_cyl_vol;Cxb_cyl_fill_mdl_ex_vlv_cls_angl_cyl_vol;...
Cxp_cyl_fill_mdl_intk_vlv_cls_angl_cor;Cxb_cyl_fill_eng_spd;...
Cxp_cyl_fill_mdl_intk_vlv_cls_angl_cor_vvl_intk_l_lift;Cxb_cyl_fill_eng_spd;...
Cxp_cyl_fill_mdl_intk_vlv_cls_angl_cyl_vol;Cxb_cyl_fill_mdl_intk_vlv_cls_angl_cyl_vol;...
